segment,rank,expert-relevance,disagree,segment
428-Homme,0,Irrelevant,True,428 cet écart entre le vécu et l’ intentionnel tous les auteurs qui ont attribué au mythe un rôle biologique de protection contre l’ angoisse l’ ont reconnu si la fabulation riposte à la détresse c’ est que l’ homme du mythe est déjà conscience malheureuse3 pour lui l’ unité la conciliation et la réconciliation doivent être dites et agies précisément parce qu’ elles ne sont pas données la fabulation est originaire contemporaine de la structure mythique dès lors que la participation est signifiée plutôt que vécue
441-Homme,1,Irrelevant,False,441 entre le chaos du drame de création la faute inévitable du héros tragique et la chute de l’ homme primitif se nouent des relations complexes d’ exclusion et d’ inclusion que nous essaierons de comprendre et de reprendre en nous mêmes mais même la relation d’ exclusion survient à l’ intérieur d’ un espace commun grâce auquel ces trois mythes ont un destin solidaire
405-Homme,2,Relevant,False,405 enfin platon lui même malgré le mythe orphique de l’ âme exilée dans un corps qui l’ ensevelit malgré par conséquent la tentation de durcir le symbole de la captivité corporelle dans une gnose du corps méchant malgré même les gages qu’ il donne pour l’ avenir à cette gnose sait parfaitement que la captivité corporelle ne doit pas être prise à la lettre mais comme signe du serf arbitre la clôture du corps n’ est finalement que l’ œuvre du désir et celui qui concourt le plus à charger l’ enchaîné de ses chaînes c’ est peut être lui même phédon 82 de ainsi la captivité du corps et même la captivité de l’ âme dans le corps sont le symbole du mal que l’ gme s’ inflige à elle même le symbole de l’ affection de la liberté par elle même le déliement de l’ âme assure rétrospectivement que son liement était liemcnt par le désir fascination active passive auto-captivité se perdre ne signifie pas autre chose
937-Homme,3,Relevant,False,937 je parie que je comprendrai mieux l’ homme et le lien entre l’ être de l’ homme et l’ être de tous les étants si je suis vindication de la pensée symbolique ce pari devient alors la tâche de vérifier mon pari et de le saturer en quelque sorte d’ intelligibilité en retour cette tâche transforme mon pari en pariant sur la signification du monde symbolique je parie en même temps que mon pari me sera rendu en puissance de réflexion dans l’ élément du discours cohérent
940-Homme,4,Irrelevant,True,940 c’ est donc finalement comme index de la situation de l’ homme au cœur de l’ être dans lequel il se meut existe et veut que le symbole nous parle dès lors la tâche du philosophe guidé par le symbole serait de rompre l’ enceinte enchantée de la conscience de soi de briser le privilège de la réflexion le symbole donne â penser que le cogito est à l’ intérieur de l’ être et non l’ inverse la seconde naïveté serait ainsi une seconde révolution copernicienne l’ être qui se pose lui même dans le cogito doit encore découvrir que l' acte même par lequel il s’ arrache à la totalité ne cesse de particijicr à l’ être qui l’ interpelle en chaque symbole tous les symboles de la culpabilité déviation errance captivité tous les mythes chaos aveuglement mélange chute disent la situation de l' être de l’ homme duns l' être du monde la tâche est alors à partir des symboles d’ élaborer des concepts existentiaux c’ est à dire non seulement des structures de la réflexion mais des structures de l’ existence en tant que l’ existence est l’ être de l’ homme c’ est alors que se posera le problème de savoir comment s’ articule sur l’ être de l’ homme et sur le néant de sa finitude le quasi-être et le quasi-néant du mal humain
917-Homme,5,Relevant,False,917 or cela aussi est un cadeau de notre modernité car nous sommes nous modernes les héritiers de la philologie de l’ exégèse de la phénoménologie de la religion de la psychanalyse du langage c’ est la même époque qui tient en réserve la possibilité de vider le langage en le formalisant radicalement et celle de le remplir à nouveau en se remémorant les significations les plus pleines les plus lourdes les plus liées par la présence du sacré à l’ homme
911-Homme,6,Irrelevant,False,911 le hiatus entre la réflexion pure sur la faillibilité et la confession des péchés est patent la réflexion pure ne fait appel à aucun mythe à aucun symbole en ce sens elle est un exercice direct de la rationalité mais pour elle la compréhension du mal est scellée la réflexion est pure mais elle laisse hors de soi la réalité quotidienne pour autant que le quotidien de l’ homme c’ est l’ esclavage des passions par contre cette énigme de la liberté serve la conscience religieuse l’ avoue mais c’ est au prix d’ une rupture méthodologique dans la continuité de la réflexion non seulement la confession des péchés fait appel a une autre qualité d’ expérience mais elle a recours à un autre langage dont nous avons montré qu’ il était de part en part symbolique est il possible après cette rupture de renouer avec la réflexion pure de l’ enrichir de tout l’ acquis de la connaissance symbolique du mal
438-Homme,7,Irrelevant,False,438 cette multiplicité nombrée intermédiaire entre une conscience mythique indifférenciée et les mythologies trop différenciées est à chercher par le moyen d’ une typologie les < c types que nous proposons sont a la fois des a priori qui permettent d’ aller a la rencontre de l’ expérience avec une grille de lecture et de s’ orienter dans le dédale des mythologies du mal et des a posteriori sans cesse corrigée et redressés au contact de l’ expérience je penserais volontiers comme cl lévi strauss dans tristes tropiques que les figures que peuvent réaliser l’ imagination fabulatrice et l’ activité institutionnelle de l’ homme ne sont pas en nombre infini et qu’ il est possible d’ élaborer au moins à titre d’ hypothèse de travail une sorte de morphologie de ces figures principales
427-Homme,8,Irrelevant,False,427 cest cette structure mythique elle même qui ramène à la diversité des mythes quelle est en effet la signification ultime de cette structure mythique elle désignerait nous dit on l’ accord intime de l’ homme du culte et du mythe avec la totalité de l’ être elle signifierait une plénitude indivisible où le surnaturel le naturel et le psychologique ne seraient pas encore scindés mais comment le mythe signifie t il cette plénitude le fait essentiel est que cette intuition d’ un englobant cosmique dont l’ homme ne serait pas séparé et cette plénitude indivise antérieure à la scission du 2 2surnaturel du naturel et de l’ humain ne sont pas donné mais simplement visées c’ est en intention seulement que le mythe restitue quelque intégrité c’ est parce qu’ il a lui même perdu cette intégrité que l’ homme la répète et la mime par le mythe et le rite l’ homme primitif est déjà l’ homme de la scission dès lors le mythe ne peut être qu’ une restauration ou une restitution intentionnelle et en ce sens déjà symbolique
916-Homme,9,Irrelevant,False,916 en outre cette tâche a une signification précise maintenant à un certain stade de la discussion philosophique et plus largement en liaison avec certains traits de notre < modernité le moment historique de la philosophie du symbole c’ est celui de l’ oubli et de la restauration oubli des hiérophantes oubli des signes du sacré perle de l’ homme lui même en tant qu’ il appartient au sacré cet oubli nous le savons est la contrepartie de la tâche grandiose denourrir les hommes de satisfaire les besoins en maîtrisant la nature par une technique planétaire c’ est à l’ époque où notre langage se fait plus précis plus univoque plus technique en un mot plus apte à ces formalisations intégrales qui s’ appellent précisément logique symbolique c’ est à cette même époque du discours que nous voulons recharger notre langage que nous voulons repartir du plein du langage
935-Homme,10,Irrelevant,False,935 mais cette appropriation en révélant son caractère circulaire demande à son tour à être dépassée l’ exégète en tant qu’ exégète peut vivre indéfiniment dans ce cercle de même que le comparatiste peut pratiquer sans fin l’ époché de la vérité et vivre dans la croyance neutralisée mais le philosophe qui par ailleurs s’ exerce à la rigueur de la réflexion et de la cohérence ne peut s’ arrêter à cette étape la prise de conscience du cercle herméneutique l’ a arraché aux commodités de la croyance neutralisée mais c’ est pour le provoquer à penser à partir des symboles et non plus dans les sym boles
436-Homme,11,Irrelevant,False,436 d’ autre part ce sens total sur lequel la faute se détache est lié par la conscience mythique à un drame originel les symboles fondamentaux qui imprègnent l’ expérience de la faute sont les symboles de la détresse de la lutte et de la victoire qui en ce temps là ont marqué l’ instauration du monde totalité de sens et drame cosmique constituent les deux clés qui vont nous servir à ouvrir les mythes du commencement et de la fin
406-Homme,12,Irrelevant,False,406 l’ expression dont nous venons d’ user l’ affection de la liberté par elle même nous conduit à comprendre comment la culpabilité la plus intériorisée peut récapituler tout le symbolisme antérieur y compris celui de la souillure elle le reprend à son compte à travers le symbolisme de la captivité j’ oserais même dire que la souillure devient symbole pur lorsqu’ elle ne dit plus du tout une tache réelle mais signifie seulement le serf arbitre le sens symbolique de la souillure n’ est achevé qu’ au terme de toutes ses reprises
14-Homme,13,Irrelevant,True,14 l’ expérience dont le pénitent fait l’ aveu est une expérience aveugle elle demeure prise dans la gangue de l’ émotion de la peur de l’ angoisse c’ est cette note émotionnelle qui suscite l’ objectivation dans un discours l’ aveu exprime pousse au dehors l’ émotion qui sans lui se refermerait sur soi comme une impression de l’ âme le langage est la lumière de l’ émotion par l’ aveu la conscience de faute est portée dans la lumière de la parole par l’ aveu l’ homme reste parole jusque dans l’ expérience de son absurdité de sa souffrance de son angoisse
419-Homme,14,Irrelevant,False,419 il est vrai que le mythe est en lui même invitation à la gnose bien plus le problème du mal paraît bien être l’ occasion par excel ience de ce passage du mythe à la gnose nous savons déjà quelle puissance de questionner jaillit de la souffrance et du péché jusques à quand seigneur ai je péché contre quelque divinité mon acte était il pur on dirait que le problème du mal représente à la fois la plus considérable provocation à penser et l’ invitation la plus sournoise à déraisonner comme si le mal était un problème toujours prématuré où les fins de la raison excèdent toujours ses moyens bien avant que la nature ait fait délirer la raison et l’ ait jetée dans l’ illusion transcendantale la contradiction vécue entre la destination de l’ homme projetée dans l’ imagination de l’ innocence originaire et de la perfection finale et la situation effective de l’ homme avouée et confessée fit surgir un gigantesque pourquoi au centre de l’ épreuve d’ exister aussi est -ce au voisinage de cette question que sont nés les plus grands délires explicatifs qui composent la littérature considérable de la gnose
417-Homme,15,Irrelevant,False,417 mon hypothèse de travail c’ est que la critique du pseudo-rationnel est fatale non pas au mythe mais à la gnose c’ est dans la gnose que se réalise le simulacre de la raison or la gnose c’ est ce qui recueille et développe le moment étiologique du mythe c’ est la gnose du mal plus particulièrement qui se tient sur le sol de la raison comme le mot même le déclare gnose veut dire connaissance entre la gnose et la raison il faut choisir mais peut être y a -t -il une manière de répéter le mythe comme mythe en deçà de son glissement à la gnose dans la nudité et la pauvreté d’ un symbole qui ne serait pas une explication mais une ouverture et une découverte tout notre effort va donc tendre à dissocier mythe et gnose
1-Homme,16,Irrelevant,True,1 comment passer de la possibilité du mal humain a sa réalité de la faillibilité à la faute
4-Homme,17,Relevant,False,4 mais si la répétition de l’ aveu du mal humain par la conscience religieuse ne tient pas lieu de philosophie cet aveu néanmoins appartient déjà à la circonscription de son intérêt car cet aveu est une parole une parole que l’ homme prononce sur lui même or toute parole peut et doit être reprise dans l’ élément du discoure philosophique on dira tout à l’ heure quel est le lieu philosophique si l' on peut dire de cette répétition qui n’ est déjà plus religion vécue et qui n’ est pas encore philosophie disons plutôt ce que dit cette parole que nous avons appelée l’ aveu du mal humain par la conscience religieuse
910-Homme,18,Irrelevant,False,910 au terme de cette double approche par la description abstraite de la faillibilité et par la répétition de la conscience religieuse de la faute la question se pose comment continuer
3-Homme,19,Irrelevant,False,3 cette répétition en imagination et en sympathie ne peut sans doute tenir lieu d’ une philosophie de la faute il restera encore à savoir ce que le philosophe en fait c’ est à dire comment il l’ incorpore à ce discours sur l’ homme commencé sous le signe de la dialectique du fini et de l’ infini cette ultime péripétie occupera le troisième livre de cet ouvrage nous ne pouvons encore en anticiper le sens ne sachant point encore la nouvelle situation à partir de laquelle la philosophie devra se déterminer
15-Homme,20,Irrelevant,True,15 cette expérience est en outre complexe au lieu de l’ expérience simple que l’ on pourrait attendre la confession des péchés découvre plusieurs couches de l’ expérience la culpabilité au sens précis de sentiment de l’ indignité du noyau personnel est seule- ment la pointe avancée d’ une expérience radicalement individualisée et intériorisée ce sentiment de culpabilité renvoie à une expérience plus fondamentale celle du péché qui englobe tous les hommes et désigne la situation réelle de l’ homme devant dieu que l’ homme le sache ou l’ ignore c’ est de ce péché que le mythe de la chute raconte l’ entrée dans le monde c’ est lui que la spéculation sur le péché originel tente d’ ériger en doctrine mais à son tour le péché est la correction et même la révolution d’ une conception plus archaïque de la faute celle de la souillure conçue a la façon d’ une tache qui infecte du dehors culpabilité péché souillure constituent ainsi une diversité primitive dans l’ expérience le sentiment n’ est donc pas seulement aveugle en tant qu’ émotionnel il est équivoque lourd de significations multiples c’ est pourquoi il requiert une seconde fois le langage afin d’ élucider les crises souterraines de la conscience de faute
411-Mythe,0,Relevant,False,411 cette conquête du mythe comme mythe n’ est qu’ un aspect de la reconnaissance des symboles et de leur pouvoir révélant comprendre le mythe comme mythe c’ est comprendre ce que le mythe ave son temps son espace ses événements ses personnages son drame ajoute à la fonction révélante des symboles primaires élaborés plus haut
431-Mythe,1,Relevant,False,431 mais pourquoi le mythe en se scindant prend il la forme du récit ce qu’ il faut comprendre maintenant c’ est pourquoi le modèle exemplaire auquel le mythe et le rite font participer affecte lui même l’ allure d’ un drame c’ est en effet parce que le signifié ultime de tout mythe est lui même en forme de drame que les récits dans lesquels la conscience mythique se fragmente sont eux mêmes tissus d’ événements et de personnages parce que son paradigme est dramatique le mythe est lui même événementiel et ne se donne nulle part ailleurs que dans la forme plastique du récit mais pourquoi le mythe récit renvoie t il symboliquement à un drame
420-Mythe,2,Relevant,False,420 qu’ est donc le mythe en deçà de sa prétention étiologique qu’ est donc le mythe s’ il n’ est pas gnose c’ est encore une fois à la fonction du symbole que nous sommes renvoyés le symbole avons nous dit ouvre et découvre une dimension d’ expérience qui sans lui resterait fermée et dissimulée il faut donc montrer en quel sens le mythe est une fonction de second degré des symboles primaires que nous avons explorés jusqu’ à présent
436-Mythe,3,Relevant,False,436 d’ autre part ce sens total sur lequel la faute se détache est lié par la conscience mythique à un drame originel les symboles fondamentaux qui imprègnent l’ expérience de la faute sont les symboles de la détresse de la lutte et de la victoire qui en ce temps là ont marqué l’ instauration du monde totalité de sens et drame cosmique constituent les deux clés qui vont nous servir à ouvrir les mythes du commencement et de la fin
415-Mythe,4,Relevant,False,415 le discernement critique du mythe exige d’ abord que le mythe soit entièrement dégagé de la fonction étiologique avec laquelle il paraît se confondre cette distinction est fondamentale pour une reprise philosophique du mythe car la principale objection que la philosophie adresse au mythe c’ est que l’ explication mythique est incompatible avec la rationalité découverte ou inventée par les présocratiques elle représente désormais le simulacre de la rationalité
432-Mythe,5,Relevant,False,432 c’ est que la conscience mythique non seulement ne vit pas la plénitude mais encore ne la désigne qu’ à l’ origine ou au terme d’ une histoire fondamentale la plénitude que le mythe vise symboliquement est instaurée perdue et restaurée dangereusement douloureusement aussi n’ est elle pas donnée non seulement parce qu’ elle est signifiée et non vécue mais parce qu’ elle est signifiée à travers un combat le mythe comme d’ ailleurs le rite reçoit de ce drame originel la discursivité spéciale du récit le caractère plastique imagé événementiel du mythe tient donc à la fois à la nécessité de donner des signes contingents d’ un sacré purement symbolique et au caractère dramatique du temps originel ainsi le temps du mythe est-il dès le début diversifié par le drame originel
421-Mythe,6,Relevant,False,421 pour cela il faut retrouver cette fonction d’ ouverture et de découverte que nous opposons ici à la fonction explicative de la gnose jusque dans les traits les plus spécifiques qui distinguent le mythe des symboles primaires or c’ est le récit qui vient ajouter un nouvel étage de signification à celui des symboles primaires
412-Mythe,7,Relevant,False,412 sans prétendre donner ici une théorie générale des symboles et des mythes et en nous bornant volontairement et systématiquement a ce groupe de symboles mythiques qui concernent le mal humain nous pouvons énoncer en ces termes notre hypothèse de travail que toute la suite de l’ analyse doit mettre en œuvre et vérifier par l’ exécution même la faute le mythe confère à cette expérience une orientation une allure une tension l’ cxpéricnce ne se réduit plus à un vécu présent ce présent n’ était qu’ une coupe instantanée dans un développement tendu entre une origine et un accomplissement entre une genèse et une apocalypse grâce au mythe l’ expérience est traversée par l’ histoire essentielle de la perdition et du salut de l’ homme
433-Mythe,8,Irrelevant,True,433 les mythes concernant l’ origine et la fin du mal que nous allons maintenant étudier ne constituent qu’ un secteur limité de mythes et fournissent seulement une vérification partielle de l’ hypothèse de travail qui est exposée dans cette introduction du moins nous donnent ils un accès direct à la structure originellement dramatique du monde des mythes on se rappelle les trois caractères fondamentaux qui ont été reconnus aux mythes du mal l’ universalité concrète conférée à l’ expérience humaine par le moyen de personnages exemplaires la tension d’ une histoire exemplaire orientée d’ un commencement vers une fin enfin la transition d’ une nature essentielle à une histoire aliénée ces trois fonctions des mythes du mal sont trois aspects d’ une même structure dramatique dès lors la forme du récit n’ est ni seconde ni accidentelle mais primitive et essentielle le mythe exerce sa fonction symbolique par le moyen spécifique du récit parce que oe qu’ il veut dire est déjà drame c’ est ce drame originel qui ouvre et découvre le sens caché de l’ expérience humaine ce faisant le mythe qui le raconte assume la fonction irremplaçable du récit
427-Mythe,9,Relevant,False,427 cest cette structure mythique elle même qui ramène à la diversité des mythes quelle est en effet la signification ultime de cette structure mythique elle désignerait nous dit on l’ accord intime de l’ homme du culte et du mythe avec la totalité de l’ être elle signifierait une plénitude indivisible où le surnaturel le naturel et le psychologique ne seraient pas encore scindés mais comment le mythe signifie t il cette plénitude le fait essentiel est que cette intuition d’ un englobant cosmique dont l’ homme ne serait pas séparé et cette plénitude indivise antérieure à la scission du 2 2surnaturel du naturel et de l’ humain ne sont pas donné mais simplement visées c’ est en intention seulement que le mythe restitue quelque intégrité c’ est parce qu’ il a lui même perdu cette intégrité que l’ homme la répète et la mime par le mythe et le rite l’ homme primitif est déjà l’ homme de la scission dès lors le mythe ne peut être qu’ une restauration ou une restitution intentionnelle et en ce sens déjà symbolique
410-Mythe,10,Relevant,False,410 cette nouvelle couche expressive ne laisse pas d’ embarrasser l’ homme moderne en un sens lui seul peut reconnaître le mythe comme mythe parce que lui seul a atteint le point où histoire et mythe se séparent cette crise cette décision à partir de laquelle mythe et histoire se dissocient peut signifier la perte de la dimension mythique parce que le temps du mythe ne peut plus être coordonné au temps des événements historiques au sens de la méthode et de la critique historique parce que l’ espace dumythe ne peut plus être coordonné aux lieux de notre géographie nous sommes tentés de nous livrer à une radicale démythisation de toute notre pensée mais une autre possibilité s’ offre à nous précisément parce que nous vivons et pensons après la séparation du mythe et de l’ histoire la démythisation de notre histoire peut devenir l’ envers d’ une compréhension du mythe comme mythe et la conquête pour la première fois dans l’ histoire de la culture de la dimension mythique c’ est pourquoi nous ne parlons jamais ici de démythisation mais à la rigueur de démythologisation étant bien entendu que ce qui est perdu c’ est le pseudo-savoir le faux logos du mythe tel qu’ il s’ exprime par exemple dans la fonction étiologique du mythe mais perdre le mythe comme logos immédiat c’ est le retrouver comme mythos au prix seulement et par le détour de l’ exégèse et de la compréhension philosophique le mythos peut susciter une nouvelle péripétie du logos
929-Mythe,11,Irrelevant,False,929 il y a en effet une compréhension des symboles qui reste prise en quelque sorte dans le mode symbolique c’ est le cas de toute phénoménologie purement comparatiste qui se borne à comprendre le symbole par le symbole cette intelligence dans le symbole est nécessaire pour rompre avec la pensée explicative et réductrice elle est même suffisante pour une phénoménologie descriptive car elle est déjà une manière de comprendre en tant qu’ elle parcourt retient et relie pour elle il y a un monde des symboles comprendre pour elle c’ est déployer les multiples et inépuisables intentions de chaque symbole retrouver les analogies intentionnelles entre mythes et rites parcourir les niveaux d’ expérience et de représentation que le symbole unifie
426-Mythe,12,Irrelevant,True,426 il n’ est pas douteux que la phénoménologie de la religion a profondément renouvelé le problème du mythe en remontant ainsi à une structure mythique qui serait la matrice de toutes les figures et de tous les récits déterminés propre à telle ou telle mythologie et en rapportant à cette structure mythique diffuse les catégories fondamentales du mythe participation relation au sacré etc.
416-Mythe,13,Irrelevant,True,416 le départage de la rationalité et de son mime est en effet aussi décisif que celui de l’ histoire et du mythe il en est même le fondement car l’ histoire n’ est histoire que parce que sa recherche des causes s’ adosse à l’ épistémé des géomètres et des physiciens lors même qu’ elle s’ en distingue si donc le mythe peut survivre à ce double départage de l’ histoire et du mythe ainsi que de l’ explication et du mythe il faut que le mythe ne soit ni histoire arrivée en un temps et en un lieu déterminés ni explication
414-Mythe,14,Relevant,False,414 on peut déjà deviner combien nous nous éloignons d’ une interprétation purement allégorisante du mythe l’ allégorie est toujours susceptible d’ être traduite dans un texte intelligible par lui même une fois ce meilleur texte déchiffré l’ allégorie tombe comme un vêtement inutile ce que l’ allégorie montrait en le cachant peut être dit dans un discours direct qui se substitue à elle par sa triple fonction d’ universalité concrète d’ orientation temporelle et enfin d’ exploration ontologique le mythe a une façon de révéler irréductible à toute traduction d’ un langage chiffré en un langage clair comme schelling l’ a montré dans sa philosophie de la mythologie le mythe est autonome et immédiat il signifie ce qu’ il dit 1 1il importe donc de procéder à un discernement critique du mythe qui respecte son irréductibilité à l’ allégorie
438-Mythe,15,Relevant,False,438 cette multiplicité nombrée intermédiaire entre une conscience mythique indifférenciée et les mythologies trop différenciées est à chercher par le moyen d’ une typologie les < c types que nous proposons sont a la fois des a priori qui permettent d’ aller a la rencontre de l’ expérience avec une grille de lecture et de s’ orienter dans le dédale des mythologies du mal et des a posteriori sans cesse corrigée et redressés au contact de l’ expérience je penserais volontiers comme cl lévi strauss dans tristes tropiques que les figures que peuvent réaliser l’ imagination fabulatrice et l’ activité institutionnelle de l’ homme ne sont pas en nombre infini et qu’ il est possible d’ élaborer au moins à titre d’ hypothèse de travail une sorte de morphologie de ces figures principales
417-Mythe,16,Relevant,False,417 mon hypothèse de travail c’ est que la critique du pseudo-rationnel est fatale non pas au mythe mais à la gnose c’ est dans la gnose que se réalise le simulacre de la raison or la gnose c’ est ce qui recueille et développe le moment étiologique du mythe c’ est la gnose du mal plus particulièrement qui se tient sur le sol de la raison comme le mot même le déclare gnose veut dire connaissance entre la gnose et la raison il faut choisir mais peut être y a -t -il une manière de répéter le mythe comme mythe en deçà de son glissement à la gnose dans la nudité et la pauvreté d’ un symbole qui ne serait pas une explication mais une ouverture et une découverte tout notre effort va donc tendre à dissocier mythe et gnose
9-Mythe,17,Irrelevant,True,9 commencerons nous donc par une interprétation des mythes sur l’ origine et la fin du mal non point encore la couche des mythes à quoi renvoie la spéculation pseudo-rationnelle renvoie elle même à une expérience constituée plus bas que tout récit et que toute gnose ainsi le récit de la chute dans la bible même s’ il procède de traditions plus vieilles que la prédication des prophètes d’ israël ne tire son sens que d’ une expérience du péché qui est elle même l’ acquis de la piété juive c’ est la confession des péchés dans le culte c’ est l’ appel prophétique pour la justice et le droit qui confèrent un soubassement de sens au mythe
23-Mythe,18,Relevant,False,23 si donc nous commençons par l’ interprétation de l’ expérience vive il ne faudra pas perdre de vue que cette expérience est abstraite en dépit de son apparence vécue elle est abstraite en tant que séparée de la totalité de sens d’ où on l’ arrache pour des raisons didactiques il ne faudra pas non plus oublier que cette expérience n’ est jamais immédiate elle ne peut être dite qu’ à la faveur des symbolismes primaires qui préparent sa reprise dans le mythe et la spéculation 3
429-Mythe,19,Relevant,False,429 or en manifestant le caractère seulement symbolique de la relation de l’ homme à la totalité perdue le mythe est dès l’ origine condamné à la scission en de multiples cycles 11 n’ existe pas en effet de signification qui égale cc qu’ elle vise comme l’ étude des symboles primaires de la faute l’ a déjà suggéré c’ est toujours à partir d’ un quelque chose qui joue le rôle d’ analogon que le symbole symbolise la multiplicité des symboles est la conséquence immédiate de leur servitude à l’ égard d’ un matériel d’ analoga dont l’ ensemble est nécessairement limité en extension et dont chacun est également limité en compréhension
418-Mythe,20,Relevant,False,418 nous sommes encouragés dans cette tentative par le grand exemple de platon platon insère des mythes dans sa philosophie il les adopte en tant que mythes à l’ état brut si l’ on ose dire sans essayer de les déguiser en explication ils sont là dans le discours plein d’ énigmee ils sont là en tant que mythes sans confusion possible avec le savoir
929-Symbole,0,Relevant,False,929 il y a en effet une compréhension des symboles qui reste prise en quelque sorte dans le mode symbolique c’ est le cas de toute phénoménologie purement comparatiste qui se borne à comprendre le symbole par le symbole cette intelligence dans le symbole est nécessaire pour rompre avec la pensée explicative et réductrice elle est même suffisante pour une phénoménologie descriptive car elle est déjà une manière de comprendre en tant qu’ elle parcourt retient et relie pour elle il y a un monde des symboles comprendre pour elle c’ est déployer les multiples et inépuisables intentions de chaque symbole retrouver les analogies intentionnelles entre mythes et rites parcourir les niveaux d’ expérience et de représentation que le symbole unifie
943-Symbole,1,Relevant,False,943 un tel pari est tout le contraire d’ une apologétique qui prétendrait acheminer la réflexion sans hiatus du savoir vers la croyance une philosophie amorcée par le symbole procède en sens inverse selon un schéma essentiellement anselmien elle trouve l’ homme déjà installé à titre préliminaire à l’ intérieur de son fondement cette insertion peut paraître contingente et étroite pourquoi des symboles pourquoi tels symboles mais à partir de cette contingence et de cette étroitesse d’ une culture qui a rencontré tels symboles et non tels autres la philosophie tâche par réflexion et spéculation de découvrir la rationalité de son fondement
429-Symbole,2,Relevant,False,429 or en manifestant le caractère seulement symbolique de la relation de l’ homme à la totalité perdue le mythe est dès l’ origine condamné à la scission en de multiples cycles 11 n’ existe pas en effet de signification qui égale cc qu’ elle vise comme l’ étude des symboles primaires de la faute l’ a déjà suggéré c’ est toujours à partir d’ un quelque chose qui joue le rôle d’ analogon que le symbole symbolise la multiplicité des symboles est la conséquence immédiate de leur servitude à l’ égard d’ un matériel d’ analoga dont l’ ensemble est nécessairement limité en extension et dont chacun est également limité en compréhension
932-Symbole,3,Relevant,False,932 le passage à l’ herméneutique philosophique a été ainsi amorcé lorsque nous sommes passés d’ une statique à une dynamique des symboles mythiques le monde des symboles n’ est pas en effet un monde tranquille et réconcilié tout symbole est iconoclaste par rapport à un autre de la même façon que tout symbole livré à lui même tend a s’ épaissir à se solidifier dans une idolâtrie il faut donc participer à cette lutte à cette dynamique par laquelle le symbolisme est lui même en proie à son propre dépassement par une herméneutique spontanée c’ est seulement en participant à cette dynamique que la compréhension peut accéder à la dimension proprement critique de l’ exégèse et devenir une herméneutique mais alors il faut quitter la position ou pour mieux dire l’ cxij du spectateur lointain et désintéressé afin de s’ approprier chaque fois un symbolisme singulier
919-Symbole,4,Relevant,False,916 en outre cette tâche a une signification précise maintenant à un certain stade de la discussion philosophique et plus largement en liaison avec certains traits de notre < modernité le moment historique de la philosophie du symbole c’ est celui de l’ oubli et de la restauration oubli des hiérophantes oubli des signes du sacré perle de l’ homme lui même en tant qu’ il appartient au sacré cet oubli nous le savons est la contrepartie de la tâche grandiose denourrir les hommes de satisfaire les besoins en maîtrisant la nature par une technique planétaire c’ est à l’ époque où notre langage se fait plus précis plus univoque plus technique en un mot plus apte à ces formalisations intégrales qui s’ appellent précisément logique symbolique c’ est à cette même époque du discours que nous voulons recharger notre langage que nous voulons repartir du plein du langage
436-Symbole,5,Relevant,False,436 d’ autre part ce sens total sur lequel la faute se détache est lié par la conscience mythique à un drame originel les symboles fondamentaux qui imprègnent l’ expérience de la faute sont les symboles de la détresse de la lutte et de la victoire qui en ce temps là ont marqué l’ instauration du monde totalité de sens et drame cosmique constituent les deux clés qui vont nous servir à ouvrir les mythes du commencement et de la fin
920-Symbole,6,Relevant,False,920 comment penser à partir du symbole s’ il n’ est pas une allégorie comment dégager du symbole un autre s’ il est selon le mot de schelling tautégorique ce qu' il nous faut c’ est une interprétation qui respecte l’ énigme originelle des symboles qui se laisse enseigner par eux mais qui à partir de là promeuve le sens forme le sens dans la pleine responsabilité d’ une pensée autonome
411-Symbole,7,Irrelevant,True,411 cette conquête du mythe comme mythe n’ est qu’ un aspect de la reconnaissance des symboles et de leur pouvoir révélant comprendre le mythe comme mythe c’ est comprendre ce que le mythe ave son temps son espace ses événements ses personnages son drame ajoute à la fonction révélante des symboles primaires élaborés plus haut
930-Symbole,8,Relevant,False,930 ce mode de compréhension très bien illustré par l’ œuvre d’ éliade tend a replacer les symboles dans une totalité homogène au symbole mais plus vaste que lui qui forme système au plan même du symbole notre analyse des symboles et des mythes du mal humain ressortit à cette intelligence pour autant qu’ elle est une vie de pensée adonnée à ses symboles
399-Symbole,9,Irrelevant,False,399 du moins pouvons nous dire dès maintenant que le concept de serf arbitre duquel s’ approche l’ expérience la plus différenciée la plus fine la plus intériorisée de la culpabilité était déjà visé par la plus archaïque de toutes celle de la souillure le dernier symbole ne vise son concept limite qu’ en reprenant en lui toute la richesse des symboles antérieurs il y a ainsi une relation circulaire entre tous les symboles les derniers dégagent le sens de ceux qui les précèdent mais les premiers prêtent aux derniers toute leur puissance de symbolisation
406-Symbole,10,Irrelevant,True,406 l’ expression dont nous venons d’ user l’ affection de la liberté par elle même nous conduit à comprendre comment la culpabilité la plus intériorisée peut récapituler tout le symbolisme antérieur y compris celui de la souillure elle le reprend à son compte à travers le symbolisme de la captivité j’ oserais même dire que la souillure devient symbole pur lorsqu’ elle ne dit plus du tout une tache réelle mais signifie seulement le serf arbitre le sens symbolique de la souillure n’ est achevé qu’ au terme de toutes ses reprises
400-Symbole,11,Relevant,False,400 il est possible de la montrer en parcourant en sens inverse toute la suite des symboles il est remarquable en effet que la culpabilité reprend à son compte le langage symbolique dans lequel se sont constituées les expériences de souillure et de péché
931-Symbole,12,Relevant,False,931 mais il n’ a pas été possible de se borner à cette intelligence du symbole dans le symbole en effet la question de la vérité y est sans cesse éludée s’ il arrive au phénoménologue d’ appeler vérité la cohérence propre la systématicité du monde des symboles il s’ agit d’ une vérité sans croyance d’ une vérité à distance réduite d’ où a été expulsée la question est -ce que je crois cela moi qu’ est -ce que je fais moi de ces significations symboliques de ces hiérophantes or cette question ne peut être posée tant que l’ on reste au niveau du comparatisme que l’ on court d’ un symbole à l’ autre sans être soi même nulle part ce niveau ne peut être qu’ une étape celle d’ une intelligence en extension d’ une intelligence panoramique curieuse mais non concernée 11 a bien fallu entrer dans un rapport passionné en même temps que critique avec la valeur de vérité de chaque symbole
925-Symbole,13,Relevant,False,925 car le second immédiat que nous cherchons la seconde naïveté que nous attendons ne nous sont plus accessibles nulle part ailleurs que dans une herméneutique nous ne pouvons croire qu’ en interprétant c’ est la modalité moderne de la croyance dans les symboles expression de la détresse de la modernité et remède à cette détresse
941-Symbole,14,Relevant,False,941 si donc nous appelons déduction transcendantale l’ élaboration d’ une empirique de la volonté serve la déduction transcendantale doit elle même s’ inscrire à l’ intérieur d’ une ontologie de la finitude et du mal qui élève les symboles au rang de concepts existentiaux
420-Symbole,15,Relevant,False,420 qu’ est donc le mythe en deçà de sa prétention étiologique qu’ est donc le mythe s’ il n’ est pas gnose c’ est encore une fois à la fonction du symbole que nous sommes renvoyés le symbole avons nous dit ouvre et découvre une dimension d’ expérience qui sans lui resterait fermée et dissimulée il faut donc montrer en quel sens le mythe est une fonction de second degré des symboles primaires que nous avons explorés jusqu’ à présent
914-Symbole,16,Irrelevant,True,914 le symbole donne une philosophie instruite par les mythes survient à un certain moment de la réflexion et par delà la réflexion philosophique elle veut répondre à une certaine situation de la culture moderne
397-Symbole,17,Relevant,False,397 au terme de ce parcours il est possible de dire à la fois vers quel horizon s’ oriente toute la chaîne des symboles parcourus et comment les plus archaïques sont retenus et réaffirmés par les plus avancés de ces symboles
421-Symbole,18,Irrelevant,True,421 pour cela il faut retrouver cette fonction d’ ouverture et de découverte que nous opposons ici à la fonction explicative de la gnose jusque dans les traits les plus spécifiques qui distinguent le mythe des symboles primaires or c’ est le récit qui vient ajouter un nouvel étage de signification à celui des symboles primaires
915-Symbole,19,Relevant,False,915 le recours à l’ archaïque au nocturne à l’ onirique qui est aussi comme le dit bachelard dans la poétique de γespace un accès au point de naissance du langage représente une tentative pour échapper aux difficultés du commencement radical en philosophie le commencement n’ est pas ce qu’ on trouve d’ abord il faut accéder au point de départ il faut le conquérir la compréhension des symboles peut appartenir au mouvement en direction du point de départ car pour accéder au commencement il faut d’ abord que la pensée habite dans le plein du langage on sait l’ harassante fuite en arrière de la pensée en quête de la première vérité et plus radicalement encore à la recherche d’ un point de départ qui pourrait bien ne pas être une première vérité l’ illusion n’ est pas de chercher le point de départ mais de le chercher sans présupposition il n’ y a pas de philosophie sans présupposition une méditation sur les symboles part du langage qui a déjà eu lieu et où tout a déjà été dit en quelque façon elle veut être la pensée avec ses présuppositions pour elle la première tâche n’ est pas de commencer mais du milieu de la parole de se ressouvenir de se ressouvenir en vue de commencer
408-Symbole,20,Irrelevant,True,408 encore en état de comprendre cette intention ultime du symbole de la souillure elle ne sera dégagée et élaborée que par le moyen des symboles de second rang et principalement par le moyen du mythe de chute alors on comprendra que le mal n’ est pas le symétrique du bien la méchanceté le substitut de la bonté de l’ homme mais la flétrissure l’ obscurcissement l’ enlaidissement d’ une innocence d’ une lumière et d’ une beauté qui demeurent aussi radical que soit le mal il ne saurait être aussi originaire que la bonté cela le symbole de la souillure le dit déjà du serf arbitre et il le dit à travers le symbole de la captivité car quand un pays tombe intact aux mains de l’ ennemi il continue de travailler de produire de créer d’ exister mais pour l’ ennemi il est responsable mais son œuvre est aliénée cette superposition de l’ esclavage à la disposition de soi telle qu’ un pays occupé peut en faire l’ expérience suggère l’ idée semblable d’ une superposition existentielle du mal radical et de la bonté originaire c’ est cette surimpression qui est déjà visée dans le schème de l’ infection où nous proposons de recon naître l'ultime intention du symbole de la souillure mais cette intention n’ apparaît que quand le monde magique qui a porté le symbole de la souillure s’ est effondré et quand l’ expérience du péché s’ est elle même intériorisée en expérience du serf arbitre alors la souillure devenue langage du serf arbitre livre son ultime intention encore ne livre t elle toutes les implications du schème de l’ infection qu’ à travers toutes les couches symboliques qu’ il reste encore à parcourir symboles mythiques et symboles spéculatifs
